[
    {
        "id": "npc_001",
        "name": "Elder Malik",
        "title": "Village Elder",
        "spawnType": "absolute",
        "targetX": 20,
        "targetY": 20,
        "dialogId": "elder_intro",
        "questGiver": true,
        "spriteKey": "npc_elder_malik",
        "portraitKey": "portrait_elder_malik",
        "spritePath": "assets/animations/ElderMalik.png",
        "portraitPath": "assets/images/ElderMalik-Portrait.jpg",
        "frameWidth": 64,
        "frameHeight": 64
    },
    {
        "id": "npc_002",
        "name": "Merchant Lysa",
        "title": "Trader",
        "spawnType": "absolute",
        "targetX": 16,
        "targetY": 20,
        "dialogId": "merchant_shop",
        "merchant": true,
        "questGiver": true,
        "spriteKey": "npc_lysa",
        "portraitKey": "portrait_merchant_lysa",
        "spritePath": "assets/animations/Lysa.png",
        "portraitPath": "assets/images/MerchantLysa-Portrait.jpg",
        "frameWidth": 64,
        "frameHeight": 64
    },
    {
        "id": "npc_003",
        "name": "Captain Thorne",
        "title": "Guard Captain",
        "spawnType": "absolute",
        "targetX": 18,
        "targetY": 6,
        "dialogId": "captain_thorne",
        "questGiver": true,
        "spriteKey": "npc_captain_thorne",
        "portraitKey": "portrait_captain_thorne",
        "spritePath": "assets/animations/CaptainThorne.png",
        "portraitPath": "assets/images/CaptainThorne-Portrait.jpg",
        "frameWidth": 64,
        "frameHeight": 64
    },
    {
        "id": "npc_004",
        "name": "Captain Kael",
        "title": "Captain of the Guard",
        "spawnType": "absolute",
        "targetX": 20,
        "targetY": 30,
        "dialogId": "generic_npc",
        "questGiver": true,
        "spriteKey": "npc_captain_kael",
        "portraitKey": "portrait_captain_kael",
        "spritePath": "assets/animations/CaptainKael.png",
        "portraitPath": "assets/images/CaptainKael-Portrait.jpg",
        "frameWidth": 64,
        "frameHeight": 64
    },
    {
        "id": "npc_005",
        "name": "Mage Elara",
        "title": "Village Mage",
        "spawnType": "absolute",
        "targetX": 8,
        "targetY": 20,
        "dialogId": "mage_elara",
        "questGiver": true,
        "spriteKey": "npc_mage_elara",
        "portraitKey": "portrait_mage_elara",
        "spritePath": "assets/animations/MageElara.png",
        "portraitPath": "assets/images/MageElara-Portrait.jpg",
        "frameWidth": 64,
        "frameHeight": 64
    },
    {
        "id": "npc_006",
        "name": "Blacksmith Brond",
        "title": "Master Smith",
        "spawnType": "absolute",
        "targetX": 24,
        "targetY": 18,
        "dialogId": "blacksmith_brond",
        "questGiver": true,
        "spriteKey": "npc_blacksmith_brond",
        "portraitKey": "portrait_blacksmith_brond",
        "spritePath": "assets/animations/BlacksmithBrond.png",
        "portraitPath": "assets/images/BlacksmithBrond-Portrait.jpg",
        "frameWidth": 64,
        "frameHeight": 64
    },
    {
        "id": "npc_007",
        "name": "Trainer Garen",
        "title": "Class Trainer",
        "spawnType": "absolute",
        "targetX": 22,
        "targetY": 8,
        "dialogId": "trainer_garen",
        "questGiver": true,
        "spriteKey": "npc_garen",
        "portraitKey": "portrait_trainer_garen",
        "spritePath": "assets/animations/TrainerGaren.png",
        "portraitPath": "assets/images/TrainerGaren-Portrait.png",
        "frameWidth": 64,
        "frameHeight": 64
    },
    {
        "id": "npc_008",
        "name": "Guard Bram",
        "title": "City Guard",
        "spawnType": "absolute",
        "targetX": 22,
        "targetY": 30,
        "dialogId": "bram_npc",
        "questGiver": true,
        "spriteKey": "npc_bram",
        "portraitKey": "portrait_bram",
        "spritePath": "assets/animations/Guard-Bram.png",
        "portraitPath": "assets/images/Guard-Seren-Portrait.png",
        "frameWidth": 64,
        "frameHeight": 64
    },
    {
        "id": "npc_009",
        "name": "Scholar Seren",
        "title": "Royal Scholar",
        "spawnType": "absolute",
        "targetX": 13,
        "targetY": 22,
        "dialogId": "seren_npc",
        "questGiver": true,
        "spriteKey": "npc_seren",
        "portraitKey": "portrait_seren",
        "spritePath": "assets/animations/Scholar-Seren.png",
        "portraitPath": "assets/images/Scholar-Seren-Portrait.png",
        "frameWidth": 64,
        "frameHeight": 64
    }
]