{"id":"dc836262-eaff-4838-b7c9-62bc35ba4a07","name":"dark stone dungeon floor → dark dank stone dungeon wall with ancient weathered texture","lower_description":"dark stone dungeon floor","upper_description":"dark dank stone dungeon wall with ancient weathered texture","transition_description":"dark stone wall rising from dungeon floor","tile_size":{"width":32,"height":32},"transition_size":1.0,"view":"high top-down","style_settings":{"detail":"medium detail","outline":"single color outline","shading":"medium shading"},"generation_parameters":{"tile_strength":1.0,"tileset_adherence":100.0,"text_guidance_scale":8.0,"tileset_adherence_freedom":500},"base_tile_ids":{"lower":"aa54a39a-820b-423d-b592-e342315aad25","upper":"55512197-8be2-4661-b15d-9965707f57f2"},"tileset_data":{"tiles":[{"id":"aa54a39a-820b-423d-b592-e342315aad25","name":"t1_0_r1_c0","corners":{"NE":"lower","NW":"lower","SE":"lower","SW":"lower"},"pattern_4x4":{"row_0":[255,255,255,255],"row_1":[255,0,0,255],"row_2":[255,0,0,255],"row_3":[255,255,255,255]},"original_position":{"col":0,"row":1},"bounding_box":{"x":64,"y":32,"width":32,"height":32}},{"id":"1","name":"t1_1_r2_c1","corners":{"NE":"lower","NW":"lower","SE":"upper","SW":"lower"},"pattern_4x4":{"row_0":[255,255,255,255],"row_1":[255,0,0,255],"row_2":[255,0,1,255],"row_3":[255,255,255,255]},"original_position":{"col":1,"row":2},"bounding_box":{"x":96,"y":32,"width":32,"height":32}},{"id":"2","name":"t1_2_r2_c2","corners":{"NE":"lower","NW":"lower","SE":"upper","SW":"upper"},"pattern_4x4":{"row_0":[255,255,255,255],"row_1":[255,0,0,255],"row_2":[255,1,1,255],"row_3":[255,255,255,255]},"original_position":{"col":2,"row":2},"bounding_box":{"x":32,"y":64,"width":32,"height":32}},{"id":"3","name":"t1_3_r2_c3","corners":{"NE":"lower","NW":"lower","SE":"lower","SW":"upper"},"pattern_4x4":{"row_0":[255,255,255,255],"row_1":[255,0,0,255],"row_2":[255,1,0,255],"row_3":[255,255,255,255]},"original_position":{"col":3,"row":2},"bounding_box":{"x":64,"y":64,"width":32,"height":32}},{"id":"10","name":"t1_10_r3_c1","corners":{"NE":"upper","NW":"lower","SE":"upper","SW":"lower"},"pattern_4x4":{"row_0":[255,0,0,255],"row_1":[255,0,1,255],"row_2":[255,0,1,255],"row_3":[255,255,255,255]},"original_position":{"col":1,"row":3},"bounding_box":{"x":96,"y":64,"width":32,"height":32}},{"id":"4","name":"t1_4_r4_c1","corners":{"NE":"upper","NW":"lower","SE":"upper","SW":"lower"},"pattern_4x4":{"row_0":[255,255,255,255],"row_1":[255,0,1,255],"row_2":[255,0,1,255],"row_3":[255,255,255,255]},"original_position":{"col":1,"row":4},"bounding_box":{"x":96,"y":64,"width":32,"height":32}},{"id":"55512197-8be2-4661-b15d-9965707f57f2","name":"t1_5_r5_c2","corners":{"NE":"upper","NW":"upper","SE":"upper","SW":"upper"},"pattern_4x4":{"row_0":[255,255,255,255],"row_1":[255,1,1,255],"row_2":[255,1,1,255],"row_3":[255,255,255,255]},"original_position":{"col":2,"row":5},"bounding_box":{"x":0,"y":96,"width":32,"height":32}},{"id":"6","name":"t1_6_r3_c6","corners":{"NE":"lower","NW":"upper","SE":"lower","SW":"upper"},"pattern_4x4":{"row_0":[255,1,1,255],"row_1":[255,1,0,255],"row_2":[255,1,0,255],"row_3":[255,255,255,255]},"original_position":{"col":6,"row":3},"bounding_box":{"x":32,"y":0,"width":32,"height":32}},{"id":"14","name":"t1_14_r4_c6","corners":{"NE":"lower","NW":"upper","SE":"lower","SW":"upper"},"pattern_4x4":{"row_0":[255,255,255,255],"row_1":[255,1,0,255],"row_2":[255,1,0,255],"row_3":[255,255,255,255]},"original_position":{"col":6,"row":4},"bounding_box":{"x":32,"y":0,"width":32,"height":32}},{"id":"8","name":"t1_8_r4_c3","corners":{"NE":"lower","NW":"upper","SE":"upper","SW":"upper"},"pattern_4x4":{"row_0":[255,255,255,255],"row_1":[255,1,0,255],"row_2":[255,1,1,255],"row_3":[255,255,255,255]},"original_position":{"col":3,"row":4},"bounding_box":{"x":0,"y":64,"width":32,"height":32}},{"id":"9","name":"t1_9_r4_c4","corners":{"NE":"upper","NW":"lower","SE":"upper","SW":"upper"},"pattern_4x4":{"row_0":[255,255,255,255],"row_1":[255,0,1,255],"row_2":[255,1,1,255],"row_3":[255,255,255,255]},"original_position":{"col":4,"row":4},"bounding_box":{"x":96,"y":96,"width":32,"height":32}},{"id":"16","name":"t1_16_r6_c4","corners":{"NE":"upper","NW":"upper","SE":"transition","SW":"upper"},"pattern_4x4":{"row_0":[255,255,255,255],"row_1":[255,1,1,255],"row_2":[255,1,2,255],"row_3":[255,255,0,255]},"original_position":{"col":4,"row":6},"bounding_box":{"x":32,"y":96,"width":32,"height":32}},{"id":"17","name":"t1_17_r6_c5","corners":{"NE":"upper","NW":"upper","SE":"transition","SW":"transition"},"pattern_4x4":{"row_0":[255,255,255,255],"row_1":[255,1,1,255],"row_2":[255,2,2,255],"row_3":[255,0,0,255]},"original_position":{"col":5,"row":6},"bounding_box":{"x":96,"y":0,"width":32,"height":32}},{"id":"18","name":"t1_18_r6_c6","corners":{"NE":"lower","NW":"upper","SE":"lower","SW":"transition"},"pattern_4x4":{"row_0":[255,255,255,255],"row_1":[255,1,0,255],"row_2":[255,2,0,255],"row_3":[255,0,0,255]},"original_position":{"col":6,"row":6},"bounding_box":{"x":32,"y":32,"width":32,"height":32}},{"id":"19","name":"t1_19_r7_c4","corners":{"NE":"transition","NW":"upper","SE":"lower","SW":"upper"},"pattern_4x4":{"row_0":[255,1,255,255],"row_1":[255,1,2,255],"row_2":[255,1,0,255],"row_3":[255,255,255,255]},"original_position":{"col":4,"row":7},"bounding_box":{"x":32,"y":0,"width":32,"height":32}},{"id":"20","name":"t1_20_r7_c5","corners":{"NE":"transition","NW":"transition","SE":"lower","SW":"lower"},"pattern_4x4":{"row_0":[255,1,1,255],"row_1":[255,2,2,255],"row_2":[255,0,0,255],"row_3":[255,255,255,255]},"original_position":{"col":5,"row":7},"bounding_box":{"x":64,"y":32,"width":32,"height":32}},{"id":"21","name":"t1_21_r7_c6","corners":{"NE":"lower","NW":"transition","SE":"lower","SW":"lower"},"pattern_4x4":{"row_0":[255,255,255,255],"row_1":[255,2,0,255],"row_2":[255,0,0,255],"row_3":[255,255,255,255]},"original_position":{"col":6,"row":7},"bounding_box":{"x":64,"y":32,"width":32,"height":32}},{"id":"22","name":"t1_22_r8_c1","corners":{"NE":"upper","NW":"lower","SE":"transition","SW":"lower"},"pattern_4x4":{"row_0":[255,255,255,255],"row_1":[255,0,1,255],"row_2":[255,0,2,255],"row_3":[255,0,0,255]},"original_position":{"col":1,"row":8},"bounding_box":{"x":64,"y":0,"width":32,"height":32}},{"id":"23","name":"t1_23_r8_c2","corners":{"NE":"upper","NW":"upper","SE":"upper","SW":"transition"},"pattern_4x4":{"row_0":[255,255,255,255],"row_1":[255,1,1,255],"row_2":[255,2,1,255],"row_3":[255,0,255,255]},"original_position":{"col":2,"row":8},"bounding_box":{"x":0,"y":0,"width":32,"height":32}},{"id":"24","name":"t1_24_r8_c4","corners":{"NE":"lower","NW":"upper","SE":"upper","SW":"transition"},"pattern_4x4":{"row_0":[255,255,255,255],"row_1":[255,1,0,255],"row_2":[255,2,1,255],"row_3":[255,0,1,255]},"original_position":{"col":4,"row":8},"bounding_box":{"x":64,"y":96,"width":32,"height":32}},{"id":"25","name":"t1_25_r9_c1","corners":{"NE":"transition","NW":"lower","SE":"lower","SW":"lower"},"pattern_4x4":{"row_0":[255,255,255,255],"row_1":[255,0,2,255],"row_2":[255,0,0,255],"row_3":[255,255,255,255]},"original_position":{"col":1,"row":9},"bounding_box":{"x":64,"y":32,"width":32,"height":32}},{"id":"26","name":"t1_26_r9_c2","corners":{"NE":"upper","NW":"transition","SE":"upper","SW":"lower"},"pattern_4x4":{"row_0":[255,255,1,255],"row_1":[255,2,1,255],"row_2":[255,0,1,255],"row_3":[255,255,255,255]},"original_position":{"col":2,"row":9},"bounding_box":{"x":96,"y":64,"width":32,"height":32}},{"id":"27","name":"t1_27_r9_c4","corners":{"NE":"upper","NW":"transition","SE":"upper","SW":"lower"},"pattern_4x4":{"row_0":[255,1,0,255],"row_1":[255,2,1,255],"row_2":[255,0,1,255],"row_3":[255,255,255,255]},"original_position":{"col":4,"row":9},"bounding_box":{"x":96,"y":64,"width":32,"height":32}},{"id":"28","name":"t1_28_r10_c2","corners":{"NE":"upper","NW":"lower","SE":"transition","SW":"upper"},"pattern_4x4":{"row_0":[255,255,255,255],"row_1":[255,0,1,255],"row_2":[255,1,2,255],"row_3":[255,1,0,255]},"original_position":{"col":2,"row":10},"bounding_box":{"x":0,"y":32,"width":32,"height":32}},{"id":"30","name":"t1_30_r11_c2","corners":{"NE":"transition","NW":"upper","SE":"lower","SW":"upper"},"pattern_4x4":{"row_0":[255,0,1,255],"row_1":[255,1,2,255],"row_2":[255,1,0,255],"row_3":[255,255,255,255]},"original_position":{"col":2,"row":11},"bounding_box":{"x":32,"y":0,"width":32,"height":32}}],"tile_size":{"width":32,"height":32},"total_tiles":25,"terrain_types":["lower","upper"]},"metadata":{"terrain_prompts":{"lower":"dark stone dungeon floor","upper":"dark dank stone dungeon wall with ancient weathered texture","transition":"dark stone wall rising from dungeon floor"}},"created_at":"2025-12-15T17:24:32.541174+00:00","format":"tileset15","layout":{"type":"tileset15","description":"4x4 grid of 16 unique Wang tiles","grid_size":{"width":4,"height":4},"tile_count":16},"pattern_system":{"type":"4x4_wildcard","description":"4×4 patterns with wildcards for flexible tile matching","wildcard_value":255,"pattern_layout":{"description":"4×4 grid where center 2×2 matches tile corners, outer ring uses wildcards","example":{"row_0":"All wildcards (*)","row_1":"Wildcard + NW corner + NE corner + Wildcard","row_2":"Wildcard + SW corner + SE corner + Wildcard","row_3":"All wildcards (*)"}},"terrain_encoding":{"lower":0,"upper":1,"wildcard":255},"usage":{"description":"Sample 4×4 terrain around tile position, encode as pattern key, lookup in cache","benefits":["O(1) lookup performance","Flexible edge matching","Unified pattern system"]}},"tileset_image":{"filename":"tileset_dc836262-eaff-4838-b7c9-62bc35ba4a07.png","format":"PNG","dimensions":{"width":128,"height":128}}}