{"id":"0c00a2e0-e976-4baf-b72c-1e27edc07083","name":"stone floor → stone brick wall","lower_description":"stone floor","upper_description":"stone brick wall","transition_description":"stone floor meeting wall base","tile_size":{"width":32,"height":32},"transition_size":0.5,"view":"high top-down","style_settings":{"detail":"medium detail","outline":"single color outline","shading":"medium shading"},"generation_parameters":{"tile_strength":1.0,"tileset_adherence":100.0,"text_guidance_scale":8.0,"tileset_adherence_freedom":500},"base_tile_ids":{"lower":"8a1eb874-0d02-4189-9247-896ceb4dd763","upper":"6bec65e6-52ba-426f-b8ff-050f766de316"},"tileset_data":{"tiles":[{"id":"13","name":"wang_13","corners":{"NE":"upper","NW":"upper","SE":"upper","SW":"lower"},"pattern_4x4":{"row_0":[255,255,255,255],"row_1":[255,1,1,255],"row_2":[255,1,0,255],"row_3":[255,255,255,255]},"original_position":{"col":2,"row":4},"bounding_box":{"x":0,"y":0,"width":32,"height":32}},{"id":"10","name":"wang_10","corners":{"NE":"lower","NW":"upper","SE":"lower","SW":"upper"},"pattern_4x4":{"row_0":[255,255,255,255],"row_1":[255,0,0,255],"row_2":[255,1,0,255],"row_3":[255,255,255,255]},"original_position":{"col":6,"row":2},"bounding_box":{"x":32,"y":0,"width":32,"height":32}},{"id":"4","name":"wang_4","corners":{"NE":"upper","NW":"lower","SE":"lower","SW":"lower"},"pattern_4x4":{"row_0":[255,255,255,255],"row_1":[255,0,1,255],"row_2":[255,1,0,255],"row_3":[255,255,255,255]},"original_position":{"col":1,"row":4},"bounding_box":{"x":64,"y":0,"width":32,"height":32}},{"id":"12","name":"wang_12","corners":{"NE":"upper","NW":"upper","SE":"lower","SW":"lower"},"pattern_4x4":{"row_0":[255,255,255,255],"row_1":[255,1,1,255],"row_2":[255,1,1,255],"row_3":[255,255,255,255]},"original_position":{"col":5,"row":3},"bounding_box":{"x":96,"y":0,"width":32,"height":32}},{"id":"6","name":"wang_6","corners":{"NE":"upper","NW":"lower","SE":"lower","SW":"upper"},"pattern_4x4":{"row_0":[255,255,255,255],"row_1":[255,0,0,255],"row_2":[255,0,0,255],"row_3":[255,255,255,255]},"original_position":{"col":2,"row":5},"bounding_box":{"x":0,"y":32,"width":32,"height":32}},{"id":"8","name":"wang_8","corners":{"NE":"lower","NW":"upper","SE":"lower","SW":"lower"},"pattern_4x4":{"row_0":[255,255,255,255],"row_1":[255,1,0,255],"row_2":[255,1,1,255],"row_3":[255,255,255,255]},"original_position":{"col":6,"row":3},"bounding_box":{"x":32,"y":32,"width":32,"height":32}},{"id":"8a1eb874-0d02-4189-9247-896ceb4dd763","name":"wang_0","corners":{"NE":"lower","NW":"lower","SE":"lower","SW":"lower"},"pattern_4x4":{"row_0":[255,255,255,255],"row_1":[255,1,1,255],"row_2":[255,0,1,255],"row_3":[255,255,255,255]},"original_position":{"col":3,"row":6},"bounding_box":{"x":64,"y":32,"width":32,"height":32}},{"id":"1","name":"wang_1","corners":{"NE":"lower","NW":"lower","SE":"upper","SW":"lower"},"pattern_4x4":{"row_0":[255,255,255,255],"row_1":[255,1,0,255],"row_2":[255,1,0,255],"row_3":[255,255,255,255]},"original_position":{"col":1,"row":1},"bounding_box":{"x":96,"y":32,"width":32,"height":32}},{"id":"11","name":"wang_11","corners":{"NE":"lower","NW":"upper","SE":"upper","SW":"upper"},"pattern_4x4":{"row_0":[255,255,255,255],"row_1":[255,0,1,255],"row_2":[255,0,1,255],"row_3":[255,255,255,255]},"original_position":{"col":3,"row":2},"bounding_box":{"x":0,"y":64,"width":32,"height":32}},{"id":"3","name":"wang_3","corners":{"NE":"lower","NW":"lower","SE":"upper","SW":"upper"},"pattern_4x4":{"row_0":[255,255,255,255],"row_1":[255,1,1,255],"row_2":[255,0,0,255],"row_3":[255,255,255,255]},"original_position":{"col":2,"row":1},"bounding_box":{"x":32,"y":64,"width":32,"height":32}},{"id":"2","name":"wang_2","corners":{"NE":"lower","NW":"lower","SE":"lower","SW":"upper"},"pattern_4x4":{"row_0":[255,255,255,255],"row_1":[255,0,1,255],"row_2":[255,0,0,255],"row_3":[255,255,255,255]},"original_position":{"col":3,"row":1},"bounding_box":{"x":64,"y":64,"width":32,"height":32}},{"id":"5","name":"wang_5","corners":{"NE":"upper","NW":"lower","SE":"upper","SW":"lower"},"pattern_4x4":{"row_0":[255,255,255,255],"row_1":[255,1,0,255],"row_2":[255,0,0,255],"row_3":[255,255,255,255]},"original_position":{"col":1,"row":2},"bounding_box":{"x":96,"y":64,"width":32,"height":32}},{"id":"6bec65e6-52ba-426f-b8ff-050f766de316","name":"wang_15","corners":{"NE":"upper","NW":"upper","SE":"upper","SW":"upper"},"pattern_4x4":{"row_0":[255,255,255,255],"row_1":[255,0,1,255],"row_2":[255,1,1,255],"row_3":[255,255,255,255]},"original_position":{"col":2,"row":2},"bounding_box":{"x":0,"y":96,"width":32,"height":32}},{"id":"14","name":"wang_14","corners":{"NE":"upper","NW":"upper","SE":"lower","SW":"upper"},"pattern_4x4":{"row_0":[255,255,255,255],"row_1":[255,1,0,255],"row_2":[255,0,1,255],"row_3":[255,255,255,255]},"original_position":{"col":4,"row":3},"bounding_box":{"x":32,"y":96,"width":32,"height":32}},{"id":"9","name":"wang_9","corners":{"NE":"lower","NW":"upper","SE":"upper","SW":"lower"},"pattern_4x4":{"row_0":[255,255,255,255],"row_1":[255,0,0,255],"row_2":[255,1,1,255],"row_3":[255,255,255,255]},"original_position":{"col":4,"row":4},"bounding_box":{"x":64,"y":96,"width":32,"height":32}},{"id":"7","name":"wang_7","corners":{"NE":"upper","NW":"lower","SE":"upper","SW":"upper"},"pattern_4x4":{"row_0":[255,255,255,255],"row_1":[255,0,0,255],"row_2":[255,0,1,255],"row_3":[255,255,255,255]},"original_position":{"col":4,"row":2},"bounding_box":{"x":96,"y":96,"width":32,"height":32}}],"tile_size":{"width":32,"height":32},"total_tiles":16,"terrain_types":["lower","upper"]},"metadata":{"terrain_prompts":{"lower":"stone floor","upper":"stone brick wall","transition":"stone floor meeting wall base"}},"created_at":"2025-12-13T17:11:52.887906+00:00","format":"tileset15","layout":{"type":"tileset15","description":"4x4 grid of 16 unique Wang tiles","grid_size":{"width":4,"height":4},"tile_count":16},"pattern_system":{"type":"4x4_wildcard","description":"4×4 patterns with wildcards for flexible tile matching","wildcard_value":255,"pattern_layout":{"description":"4×4 grid where center 2×2 matches tile corners, outer ring uses wildcards","example":{"row_0":"All wildcards (*)","row_1":"Wildcard + NW corner + NE corner + Wildcard","row_2":"Wildcard + SW corner + SE corner + Wildcard","row_3":"All wildcards (*)"}},"terrain_encoding":{"lower":0,"upper":1,"wildcard":255},"usage":{"description":"Sample 4×4 terrain around tile position, encode as pattern key, lookup in cache","benefits":["O(1) lookup performance","Flexible edge matching","Unified pattern system"]}},"tileset_image":{"filename":"tileset_0c00a2e0-e976-4baf-b72c-1e27edc07083.png","format":"PNG","dimensions":{"width":128,"height":128}}}