{
    "deadzone": 0.3,
    "buttons": {
        "A": 0,
        "B": 1,
        "X": 2,
        "Y": 3,
        "LB": 4,
        "RB": 5,
        "LT": 6,
        "RT": 7,
        "SELECT": 8,
        "START": 9,
        "L3": 10,
        "R3": 11,
        "DPAD_UP": 12,
        "DPAD_DOWN": 13,
        "DPAD_LEFT": 14,
        "DPAD_RIGHT": 15
    },
    "actions": {
        "attack": "A",
        "cancel": "B",
        "ability1": "X",
        "ability2": "Y",
        "ability3": "B",
        "healthPotion": "LB",
        "manaPotion": "RB",
        "menu": "START",
        "interact": "A"
    },
    "keyboard": {
        "ESC": "menu"
    }
}