{
    "quests": {
        "main_01_001": {
            "id": "main_01_001",
            "title": "Tremors in the Earth",
            "description": "The ground shakes beneath our feet. Speak with the Town Elder to understand these strange quakes.",
            "giver": "Elder Malik",
            "step": 1,
            "objectives": [
                {
                    "id": "talk_malik",
                    "type": "talk",
                    "npcId": "Elder Malik",
                    "label": "Speak with Elder Malik",
                    "target": 1
                }
            ],
            "rewards": {
                "xp": 50,
                "gold": 20
            }
        },
        "side_01_001": {
            "id": "side_01_001",
            "title": "The Echo's Whisper",
            "description": "Blacksmith Brond has noticed strange vibrations coming from the wilderness. Investigate the area and gather Echo Shards from the crystalline growths.",
            "giver": "Blacksmith Brond",
            "objectives": [
                {
                    "id": "collect_echo_shards",
                    "type": "collect",
                    "itemId": "echo_shard",
                    "label": "Collect Echo Shards",
                    "target": 8
                }
            ],
            "rewards": {
                "xp": 150,
                "gold": 75
            }
        },
        "main_01_002": {
            "id": "main_01_002",
            "title": "Echoes from Below",
            "description": "Corruption is seeping from the Watchtower basement. Clear out the Echo Mites gathered there.",
            "giver": "Elder Malik",
            "step": 2,
            "requires": "main_01_001",
            "objectives": [
                {
                    "id": "kill_mites",
                    "type": "kill",
                    "monsterId": "procedural_echo_mite",
                    "label": "Defeat Mites",
                    "target": 8
                }
            ],
            "rewards": {
                "xp": 100,
                "gold": 50
            }
        },
        "main_01_003": {
            "id": "main_01_003",
            "title": "Crystalline Seepage",
            "description": "Gather shards of the crystalline corruption for the town's blacksmith to study. Defeat monsters to collect Crystal Shards that drop from their remains.",
            "giver": "Elder Malik",
            "step": 3,
            "requires": "main_01_002",
            "objectives": [
                {
                    "id": "collect_shards",
                    "type": "collect",
                    "itemId": "crystal_shard",
                    "icon": "item_crystal",
                    "label": "Gather Shards from Monsters",
                    "target": 12
                }
            ],
            "rewards": {
                "xp": 80,
                "gold": 40
            },
            "assets": [
                {
                    "type": "image",
                    "key": "item_crystal",
                    "path": "assets/images/crystal-shard.png"
                }
            ]
        },
        "main_01_004": {
            "id": "main_01_004",
            "title": "The Elder's Request",
            "description": "Deliver the gathered shards to the Blacksmith so he can determine their frequency.",
            "giver": "Elder Malik",
            "step": 4,
            "requires": "main_01_003",
            "objectives": [
                {
                    "id": "talk_blacksmith",
                    "type": "talk",
                    "npcId": "Blacksmith Brond",
                    "label": "Speak with Blacksmith",
                    "target": 1
                }
            ],
            "rewards": {
                "xp": 50,
                "gold": 25
            },
            "removeItems": [
                {
                    "itemId": "crystal_shard",
                    "amount": "all"
                }
            ]
        },
        "main_01_005": {
            "id": "main_01_005",
            "title": "Resonant Frequencies",
            "description": "The blacksmith is sounding the shards. Stay nearby and defend the shop from drawn Echo creatures.",
            "giver": "Elder Malik",
            "step": 5,
            "requires": "main_01_004",
            "objectives": [
                {
                    "id": "survive_defense",
                    "type": "survive",
                    "label": "Survive the Attack",
                    "target": 60
                }
            ],
            "rewards": {
                "xp": 120,
                "gold": 60
            }
        },
        "main_01_006": {
            "id": "main_01_006",
            "title": "The Path Chosen",
            "description": "Speak with Trainer Garen to choose your path and receive your initial training.",
            "giver": "Elder Malik",
            "step": 6,
            "requires": "main_01_005",
            "objectives": [
                {
                    "id": "choose_class_obj",
                    "type": "class_selection",
                    "npcId": "Trainer Garen",
                    "label": "Choose your Class",
                    "target": 1
                }
            ],
            "rewards": {
                "xp": 100,
                "gold": 0
            }
        },
        "main_01_007": {
            "id": "main_01_007",
            "title": "Mana Instability",
            "description": "Strange fluxes of mana are appearing. Stabilize them before they attract more creatures.",
            "giver": "Trainer Garen",
            "step": 7,
            "requires": "main_01_006",
            "objectives": [
                {
                    "id": "collect_flux",
                    "type": "collect",
                    "itemId": "stabilized_flux",
                    "label": "Stabilize Mana Fluxes",
                    "target": 15
                }
            ],
            "rewards": {
                "xp": 150,
                "gold": 50
            },
            "removeItems": [
                {
                    "itemId": "stabilized_flux",
                    "amount": "all"
                }
            ]
        },
        "main_01_008": {
            "id": "main_01_008",
            "title": "Into the Depths",
            "description": "The mana disturbances trace back to the Watchtower basement. Enter the dungeon beneath the Watchtower in the wilderness to investigate the source of the quakes.",
            "giver": "Trainer Garen",
            "step": 8,
            "requires": "main_01_007",
            "objectives": [
                {
                    "id": "find_watchtower",
                    "type": "explore_location",
                    "label": "Locate the Watchtower",
                    "target": 1,
                    "targetX": 0,
                    "targetY": 0,
                    "locationId": "watchtower"
                }
            ],
            "rewards": {
                "xp": 100,
                "gold": 0
            }
        },
        "main_01_009": {
            "id": "main_01_009",
            "title": "Infested Veins",
            "description": "The Watchtower basement is crawling with Echo Rats drawn to the corruption. Clear them out before descending further.",
            "giver": "Captain Thorne",
            "step": 9,
            "requires": "main_01_008",
            "autoAccept": true,
            "objectives": [
                {
                    "id": "kill_rats",
                    "type": "kill",
                    "monsterId": "procedural_echo_mite",
                    "label": "Kill Echo Creatures",
                    "target": 20
                }
            ],
            "rewards": {
                "xp": 200,
                "gold": 100
            }
        },
        "main_01_010": {
            "id": "main_01_010",
            "title": "The Forgotten",
            "description": "The miners who were trapped have... returned. Lay them to rest.",
            "giver": "Captain Thorne",
            "step": 10,
            "requires": "main_01_009",
            "objectives": [
                {
                    "id": "kill_skeletons",
                    "type": "kill",
                    "monsterId": "procedural_skeleton",
                    "label": "Defeat Skeleton Miners",
                    "target": 12
                }
            ],
            "rewards": {
                "xp": 250,
                "gold": 100
            }
        },
        "main_01_011": {
            "id": "main_01_011",
            "title": "Solidified Corruption",
            "description": "The corruption is forming hard crystalline structures. Mine 10 Echo Crystals from the lower depths.",
            "giver": "Blacksmith Brond",
            "requires": "main_01_010",
            "objectives": [
                {
                    "id": "collect_echo_crystal",
                    "type": "collect",
                    "itemId": "echo_crystal",
                    "label": "Mine Echo Crystals",
                    "target": 20
                }
            ],
            "rewards": {
                "xp": 300,
                "gold": 150
            },
            "assets": [
                {
                    "type": "image",
                    "key": "item_echo_crystal",
                    "path": "assets/images/crystal-shard.png"
                }
            ]
        },
        "main_01_012": {
            "id": "main_01_012",
            "title": "The First Fragment",
            "description": "A massive creature has nested near the breach. Defeat the Echo Beholder to reach the first fragment of the Aegis.",
            "giver": "Elder Malik",
            "step": 12,
            "requires": "main_01_011",
            "objectives": [
                {
                    "id": "kill_echo_beholder",
                    "type": "kill",
                    "monsterId": "procedural_beholder",
                    "label": "Defeat Echo Beholder",
                    "target": 1
                }
            ],
            "rewards": {
                "xp": 500,
                "gold": 250
            }
        },
        "main_01_013": {
            "id": "main_01_013",
            "title": "Claiming the Shard",
            "description": "The Beholder is slain. Recover the Shard of Resonance from its nest.",
            "giver": "Elder Malik",
            "step": 13,
            "requires": "main_01_012",
            "autoAccept": true,
            "objectives": [
                {
                    "id": "collect_shard_resonance",
                    "type": "collect",
                    "itemId": "shard_resonance",
                    "label": "Recover Shard of Resonance",
                    "target": 1
                }
            ],
            "rewards": {
                "xp": 100,
                "gold": 50
            },
            "assets": [
                {
                    "type": "image",
                    "key": "item_shard_resonance",
                    "path": "assets/images/crystal-shard.png"
                }
            ]
        },
        "main_01_014": {
            "id": "main_01_014",
            "title": "Elder's Wisdom",
            "description": "Return to the surface and present the Shard of Resonance to Elder Malik.",
            "giver": "Elder Malik",
            "step": 14,
            "requires": "main_01_013",
            "autoAccept": true,
            "objectives": [
                {
                    "id": "talk_malik_shard",
                    "type": "talk",
                    "npcId": "Elder Malik",
                    "label": "Present Shard to Elder Malik",
                    "target": 1
                }
            ],
            "rewards": {
                "xp": 150,
                "gold": 75
            }
        },
        "main_01_015": {
            "id": "main_01_015",
            "title": "Strengthening the Aegis",
            "description": "Take the shard to the Ancient Obelisk at the town center and restore its power.",
            "giver": "Elder Malik",
            "step": 15,
            "requires": "main_01_014",
            "objectives": [
                {
                    "id": "interact_obelisk",
                    "type": "explore_location",
                    "label": "Interact with Obelisk (Center)",
                    "targetX": 20,
                    "targetY": 20,
                    "target": 1
                }
            ],
            "rewards": {
                "xp": 200,
                "gold": 100
            }
        },
        "main_01_016": {
            "id": "main_01_016",
            "title": "Unexpected Feedback",
            "description": "The restoration triggered a massive release of energy! Survive the intense Obelisk backlash.",
            "giver": "Elder Malik",
            "step": 16,
            "requires": "main_01_015",
            "autoAccept": true,
            "objectives": [
                {
                    "id": "survive_backlash",
                    "type": "survive",
                    "label": "Survive Backlash",
                    "target": 120
                }
            ],
            "rewards": {
                "xp": 300,
                "gold": 150
            }
        },
        "main_01_017": {
            "id": "main_01_017",
            "title": "The Echo's Warning",
            "description": "Constructs have emerged from the light. Defeat 20 Backlash constructs to stabilize the ritual.",
            "giver": "Elder Malik",
            "step": 17,
            "requires": "main_01_016",
            "autoAccept": true,
            "objectives": [
                {
                    "id": "kill_backlash",
                    "type": "kill",
                    "monsterId": "procedural_backlash",
                    "label": "Defeat Backlash Constructs",
                    "target": 20
                }
            ],
            "rewards": {
                "xp": 400,
                "gold": 200
            }
        },
        "main_01_018": {
            "id": "main_01_018",
            "title": "Deep Scan",
            "description": "The Aegis needs data on the world's status. Travel across the wilderness to calibrate the sensors.",
            "giver": "Elder Malik",
            "step": 18,
            "requires": "main_01_017",
            "objectives": [
                {
                    "id": "explore_calib",
                    "type": "explore",
                    "label": "Travel Tiles",
                    "target": 2000
                }
            ],
            "rewards": {
                "xp": 500,
                "gold": 250
            }
        },
        "main_01_019": {
            "id": "main_01_019",
            "title": "Resonance Established",
            "description": "Your connection with the Aegis is growing. Reach Level 5 to finalize your attunement.",
            "giver": "Elder Malik",
            "step": 19,
            "requires": "main_01_018",
            "objectives": [
                {
                    "id": "reach_level_5",
                    "type": "level",
                    "label": "Reach Level 5",
                    "target": 5
                }
            ],
            "rewards": {
                "xp": 600,
                "gold": 300
            }
        },
        "main_01_020": {
            "id": "main_01_020",
            "title": "Chapter Final",
            "description": "Chapter 1 is complete. Prepare yourself for the journey to the next corrupted region.",
            "giver": "Elder Malik",
            "step": 20,
            "requires": "main_01_019",
            "objectives": [
                {
                    "id": "talk_malik_final",
                    "type": "talk",
                    "npcId": "Elder Malik",
                    "label": "Speak with Elder Malik",
                    "target": 1
                }
            ],
            "rewards": {
                "xp": 1000,
                "gold": 500
            }
        },
        "main_02_001": {
            "id": "main_02_001",
            "title": "Mysterious Arrival",
            "description": "The tremors have ceased, but a strange energy lingers in the town square. Captain Thorne needs your help to investigate.",
            "giver": "Captain Thorne",
            "step": 1,
            "requires": "main_01_020",
            "objectives": [
                {
                    "id": "talk_thorne_intro",
                    "type": "talk",
                    "npcId": "Captain Thorne",
                    "label": "Speak with Captain Thorne",
                    "target": 1
                },
                {
                    "id": "explore_square",
                    "type": "explore_location",
                    "label": "Investigate Town Square Energy",
                    "targetX": 15,
                    "targetY": 15,
                    "target": 1
                },
                {
                    "id": "return_thorne",
                    "type": "talk",
                    "npcId": "Captain Thorne",
                    "label": "Return to Captain Thorne",
                    "target": 1
                }
            ],
            "rewards": {
                "xp": 300,
                "gold": 150
            }
        },
        "main_02_002": {
            "id": "main_02_002",
            "title": "Arcane Insight",
            "description": "Captain Thorne suggests consulting Mage Elara about the strange energy resonance found in the town square.",
            "giver": "Captain Thorne",
            "step": 2,
            "requires": "main_02_001",
            "objectives": [
                {
                    "id": "talk_elara_intro",
                    "type": "talk",
                    "npcId": "Mage Elara",
                    "label": "Consult Mage Elara",
                    "target": 1
                }
            ],
            "rewards": {
                "xp": 350,
                "gold": 100
            }
        },
        "main_02_003": {
            "id": "main_02_003",
            "title": "The Source",
            "description": "Mage Elara has identified the source of the corruption as ancient ruins in the wilderness. Retrieve the artifact fragment she sensed.",
            "giver": "Mage Elara",
            "step": 3,
            "requires": "main_02_002",
            "objectives": [
                {
                    "id": "find_ruins",
                    "type": "explore_location",
                    "label": "Find Temple Ruins",
                    "targetX": 35,
                    "targetY": 35,
                    "target": 1
                },
                {
                    "id": "collect_fragment",
                    "type": "collect",
                    "itemId": "artifact_fragment",
                    "icon": "item_fragment",
                    "label": "Retrieve Artifact Fragment",
                    "target": 1
                },
                {
                    "id": "return_thorne_ruins",
                    "type": "talk",
                    "npcId": "Captain Thorne",
                    "label": "Report to Captain Thorne",
                    "target": 1
                }
            ],
            "rewards": {
                "xp": 400,
                "gold": 200
            },
            "removeItems": [
                {
                    "itemId": "artifact_fragment",
                    "amount": "all"
                }
            ],
            "assets": [
                {
                    "type": "image",
                    "key": "item_fragment",
                    "path": "assets/images/artifact-fragment.png"
                }
            ]
        },
        "main_02_004": {
            "id": "main_02_004",
            "title": "Suspects Trail",
            "description": "The artifact fragment suggests someone tampered with the seal. Interrogate the suspects: Guard Bram, Scholar Seren, and Merchant Lysa.",
            "giver": "Captain Thorne",
            "step": 4,
            "requires": "main_02_003",
            "objectives": [
                {
                    "id": "talk_bram",
                    "type": "talk",
                    "npcId": "Guard Bram",
                    "label": "Interrogate Guard Bram",
                    "target": 1
                },
                {
                    "id": "talk_seren",
                    "type": "talk",
                    "npcId": "Scholar Seren",
                    "label": "Interrogate Scholar Seren",
                    "target": 1
                },
                {
                    "id": "talk_lysa",
                    "type": "talk",
                    "npcId": "Merchant Lysa",
                    "label": "Interrogate Merchant Lysa",
                    "target": 1
                },
                {
                    "id": "return_thorne_suspects",
                    "type": "talk",
                    "npcId": "Captain Thorne",
                    "label": "Present Findings to Thorne",
                    "target": 1
                }
            ],
            "rewards": {
                "xp": 500,
                "gold": 250
            }
        },
        "main_02_005": {
            "id": "main_02_005",
            "title": "The Traitor's Trail",
            "description": "Evidence points to a traitor seeking to harness the corruption. Track them down in the wilderness before they can escape.",
            "giver": "Captain Thorne",
            "step": 5,
            "requires": "main_02_004",
            "objectives": [
                {
                    "id": "find_traitor_trail",
                    "type": "explore_location",
                    "label": "Find Traitor's Camp",
                    "targetX": 40,
                    "targetY": 10,
                    "target": 1
                }
            ],
            "rewards": {
                "xp": 550,
                "gold": 275
            }
        },
        "main_02_006": {
            "id": "main_02_006",
            "title": "Confrontation",
            "description": "The traitor's mercenaries are blocking the path! Defeat them to clear the way.",
            "giver": "Captain Thorne",
            "step": 6,
            "requires": "main_02_005",
            "objectives": [
                {
                    "id": "defeat_mercenaries",
                    "type": "kill",
                    "monsterId": "procedural_orc",
                    "label": "Defeat Mercenaries",
                    "target": 5
                }
            ],
            "rewards": {
                "xp": 600,
                "gold": 300
            }
        },
        "main_03_001": {
            "id": "main_03_001",
            "title": "The Dark Seal",
            "description": "The traitor was seeking the Void Key. Speak to Elder Malik to secure the key before the enemy can regroup.",
            "giver": "Elder Malik",
            "step": 1,
            "requires": "main_02_006",
            "objectives": [
                {
                    "id": "talk_malik_key",
                    "type": "talk",
                    "npcId": "Elder Malik",
                    "label": "Retrieve Void Key",
                    "target": 1
                }
            ],
            "rewards": {
                "xp": 650,
                "gold": 325
            }
        },
        "quest_001": {
            "id": "quest_001",
            "title": "First Steps",
            "description": "Kill 15 monsters to prove your worth.",
            "giver": "Captain Thorne",
            "objectives": [
                {
                    "id": "kill_any_starter",
                    "type": "kill",
                    "monsterId": "any",
                    "label": "Defeat Monsters",
                    "target": 15
                }
            ],
            "rewards": {
                "xp": 50,
                "gold": 25
            }
        },
        "quest_002": {
            "id": "quest_002",
            "title": "Treasure Hunter",
            "description": "Collect items from defeated monsters to prove your resourcefulness.",
            "giver": "Merchant Lysa",
            "objectives": [
                {
                    "id": "collect_general",
                    "type": "collect",
                    "itemId": "any",
                    "label": "Collect Items",
                    "target": 10
                }
            ],
            "rewards": {
                "xp": 30,
                "gold": 15
            }
        },
        "quest_003": {
            "id": "quest_003",
            "title": "Rising Power",
            "description": "Reach level 2 to unlock new abilities.",
            "giver": "Mage Elara",
            "objectives": [
                {
                    "id": "reach_level",
                    "type": "level",
                    "label": "Reach Level 2",
                    "target": 2
                }
            ],
            "rewards": {
                "xp": 100,
                "gold": 50
            }
        },
        "quest_004": {
            "id": "quest_004",
            "title": "Gold Rush",
            "description": "Earn 75 gold from monster drops.",
            "giver": "Merchant Lysa",
            "objectives": [
                {
                    "id": "earn_gold",
                    "type": "gold",
                    "label": "Earn Gold",
                    "target": 75
                }
            ],
            "rewards": {
                "xp": 40,
                "gold": 20
            }
        },
        "quest_005": {
            "id": "quest_005",
            "title": "Explorer",
            "description": "Travel 1500 tiles across the map.",
            "giver": "Elder Malik",
            "objectives": [
                {
                    "id": "travel_tiles",
                    "type": "explore",
                    "label": "Travel Tiles",
                    "target": 1500
                }
            ],
            "rewards": {
                "xp": 60,
                "gold": 30
            }
        },
        "quest_006": {
            "id": "quest_006",
            "title": "Survivor",
            "description": "Survive for 2 minutes without dying.",
            "giver": "Captain Kael",
            "objectives": [
                {
                    "id": "survive_time",
                    "type": "survive",
                    "label": "Survive",
                    "target": 120
                }
            ],
            "rewards": {
                "xp": 80,
                "gold": 40
            }
        },
        "quest_007": {
            "id": "quest_007",
            "title": "Monster Hunter",
            "description": "Defeat 15 monsters to earn the title of Hunter.",
            "giver": "Captain Thorne",
            "objectives": [
                {
                    "id": "kill_any",
                    "type": "kill",
                    "monsterId": "any",
                    "label": "Defeat Monsters",
                    "target": 15
                }
            ],
            "rewards": {
                "xp": 150,
                "gold": 80
            }
        },
        "quest_008": {
            "id": "quest_008",
            "title": "Item Collector",
            "description": "Gather 6 items from your adventures.",
            "requires": "quest_002",
            "objectives": [
                {
                    "id": "collect_items",
                    "type": "collect",
                    "itemId": "any",
                    "label": "Collect Items",
                    "target": 6
                }
            ],
            "rewards": {
                "xp": 80,
                "gold": 40
            }
        },
        "quest_009": {
            "id": "quest_009",
            "title": "Level Up",
            "description": "Reach level 3 and grow stronger.",
            "requires": "quest_003",
            "objectives": [
                {
                    "id": "reach_level",
                    "type": "level",
                    "label": "Reach Level 3",
                    "target": 3
                }
            ],
            "rewards": {
                "xp": 150,
                "gold": 75
            }
        },
        "quest_010": {
            "id": "quest_010",
            "title": "Wealth Accumulator",
            "description": "Amass 50 gold through your efforts.",
            "requires": "quest_004",
            "objectives": [
                {
                    "id": "earn_gold",
                    "type": "gold",
                    "label": "Earn Gold",
                    "target": 50
                }
            ],
            "rewards": {
                "xp": 100,
                "gold": 50
            }
        },
        "quest_011": {
            "id": "quest_011",
            "title": "Wanderer",
            "description": "Explore 1000 tiles of the world.",
            "requires": "quest_005",
            "objectives": [
                {
                    "id": "travel_tiles",
                    "type": "explore",
                    "label": "Travel Tiles",
                    "target": 1000
                }
            ],
            "rewards": {
                "xp": 150,
                "gold": 75
            }
        },
        "quest_012": {
            "id": "quest_012",
            "title": "Endurance Test",
            "description": "Survive for 5 minutes in the dangerous world.",
            "giver": "Captain Kael",
            "requires": "quest_006",
            "objectives": [
                {
                    "id": "survive_time",
                    "type": "survive",
                    "label": "Survive",
                    "target": 300
                }
            ],
            "rewards": {
                "xp": 200,
                "gold": 100
            }
        },
        "quest_013": {
            "id": "quest_013",
            "title": "Exterminator",
            "description": "Eliminate 10 monsters from the land.",
            "requires": "quest_007",
            "objectives": [
                {
                    "id": "kill_any",
                    "type": "kill",
                    "monsterId": "any",
                    "label": "Defeat Monsters",
                    "target": 10
                }
            ],
            "rewards": {
                "xp": 180,
                "gold": 90
            }
        },
        "quest_014": {
            "id": "quest_014",
            "title": "Hoarder",
            "description": "Collect 12 items for your inventory.",
            "requires": "quest_008",
            "objectives": [
                {
                    "id": "collect_items",
                    "type": "collect",
                    "itemId": "any",
                    "label": "Collect Items",
                    "target": 12
                }
            ],
            "rewards": {
                "xp": 140,
                "gold": 70
            }
        },
        "quest_015": {
            "id": "quest_015",
            "title": "Power Seeker",
            "description": "Achieve level 5 through experience.",
            "requires": "quest_009",
            "objectives": [
                {
                    "id": "reach_level",
                    "type": "level",
                    "label": "Reach Level 5",
                    "target": 5
                }
            ],
            "rewards": {
                "xp": 250,
                "gold": 125
            }
        },
        "quest_016": {
            "id": "quest_016",
            "title": "Rich Beyond Measure",
            "description": "Accumulate 500 gold pieces.",
            "requires": "quest_010",
            "objectives": [
                {
                    "id": "earn_gold",
                    "type": "gold",
                    "label": "Earn Gold",
                    "target": 500
                }
            ],
            "rewards": {
                "xp": 200,
                "gold": 100
            }
        },
        "quest_017": {
            "id": "quest_017",
            "title": "World Traveler",
            "description": "Journey across 2000 tiles of terrain.",
            "requires": "quest_011",
            "objectives": [
                {
                    "id": "travel_tiles",
                    "type": "explore",
                    "label": "Travel Tiles",
                    "target": 2000
                }
            ],
            "rewards": {
                "xp": 250,
                "gold": 125
            }
        },
        "quest_018": {
            "id": "quest_018",
            "title": "Unstoppable",
            "description": "Survive for 10 minutes without falling.",
            "giver": "Captain Kael",
            "requires": "quest_012",
            "objectives": [
                {
                    "id": "survive_time",
                    "type": "survive",
                    "label": "Survive",
                    "target": 600
                }
            ],
            "rewards": {
                "xp": 300,
                "gold": 150
            }
        },
        "quest_019": {
            "id": "quest_019",
            "title": "Massacre",
            "description": "Slay 50 monsters in your path.",
            "requires": "quest_013",
            "objectives": [
                {
                    "id": "kill_any",
                    "type": "kill",
                    "monsterId": "any",
                    "label": "Defeat Monsters",
                    "target": 50
                }
            ],
            "rewards": {
                "xp": 300,
                "gold": 150
            }
        },
        "quest_020": {
            "id": "quest_020",
            "title": "Master Collector",
            "description": "Gather 24 items for your collection.",
            "giver": "Merchant Lysa",
            "requires": "quest_014",
            "objectives": [
                {
                    "id": "collect_items",
                    "type": "collect",
                    "itemId": "any",
                    "label": "Collect Items",
                    "target": 24
                }
            ],
            "rewards": {
                "xp": 220,
                "gold": 110
            }
        },
        "quest_021": {
            "id": "quest_021",
            "title": "Slayer",
            "description": "Defeat 100 monsters across the land.",
            "giver": "Captain Thorne",
            "requires": "quest_019",
            "objectives": [
                {
                    "id": "kill_any",
                    "type": "kill",
                    "monsterId": "any",
                    "label": "Defeat Monsters",
                    "target": 100
                }
            ],
            "rewards": {
                "xp": 350,
                "gold": 175
            }
        },
        "quest_022": {
            "id": "quest_022",
            "title": "Fortune Seeker",
            "description": "Amass 1000 gold pieces.",
            "giver": "Merchant Lysa",
            "requires": "quest_016",
            "objectives": [
                {
                    "id": "earn_gold",
                    "type": "gold",
                    "label": "Earn Gold",
                    "target": 1000
                }
            ],
            "rewards": {
                "xp": 250,
                "gold": 125
            }
        },
        "quest_023": {
            "id": "quest_023",
            "title": "Ironclad",
            "description": "Survive for 15 minutes in the wilderness.",
            "giver": "Captain Kael",
            "requires": "quest_018",
            "objectives": [
                {
                    "id": "survive_time",
                    "type": "survive",
                    "label": "Survive",
                    "target": 900
                }
            ],
            "rewards": {
                "xp": 350,
                "gold": 175
            }
        },
        "quest_024": {
            "id": "quest_024",
            "title": "Treasure Trove",
            "description": "Gather 36 items from your adventures.",
            "giver": "Merchant Lysa",
            "requires": "quest_020",
            "objectives": [
                {
                    "id": "collect_items",
                    "type": "collect",
                    "itemId": "any",
                    "label": "Collect Items",
                    "target": 36
                }
            ],
            "rewards": {
                "xp": 280,
                "gold": 140
            }
        },
        "quest_025": {
            "id": "quest_025",
            "title": "Destroyer",
            "description": "Eliminate 150 monsters.",
            "giver": "Captain Thorne",
            "requires": "quest_021",
            "objectives": [
                {
                    "id": "kill_any",
                    "type": "kill",
                    "monsterId": "any",
                    "label": "Defeat Monsters",
                    "target": 150
                }
            ],
            "rewards": {
                "xp": 400,
                "gold": 200
            }
        },
        "quest_026": {
            "id": "quest_026",
            "title": "Wealthy Adventurer",
            "description": "Accumulate 1500 gold.",
            "giver": "Merchant Lysa",
            "requires": "quest_022",
            "objectives": [
                {
                    "id": "earn_gold",
                    "type": "gold",
                    "label": "Earn Gold",
                    "target": 1500
                }
            ],
            "rewards": {
                "xp": 300,
                "gold": 150
            }
        },
        "quest_027": {
            "id": "quest_027",
            "title": "Unyielding",
            "description": "Survive for 20 minutes without falling.",
            "giver": "Captain Kael",
            "requires": "quest_023",
            "objectives": [
                {
                    "id": "survive_time",
                    "type": "survive",
                    "label": "Survive",
                    "target": 1200
                }
            ],
            "rewards": {
                "xp": 400,
                "gold": 200
            }
        },
        "quest_028": {
            "id": "quest_028",
            "title": "Hoard Master",
            "description": "Collect 54 items.",
            "giver": "Merchant Lysa",
            "requires": "quest_024",
            "objectives": [
                {
                    "id": "collect_items",
                    "type": "collect",
                    "itemId": "any",
                    "label": "Collect Items",
                    "target": 54
                }
            ],
            "rewards": {
                "xp": 350,
                "gold": 175
            }
        },
        "quest_029": {
            "id": "quest_029",
            "title": "Annihilator",
            "description": "Defeat 120 monsters.",
            "giver": "Captain Thorne",
            "requires": "quest_025",
            "objectives": [
                {
                    "id": "kill_any",
                    "type": "kill",
                    "monsterId": "any",
                    "label": "Defeat Monsters",
                    "target": 120
                }
            ],
            "rewards": {
                "xp": 500,
                "gold": 250
            }
        },
        "quest_030": {
            "id": "quest_030",
            "title": "Merchant Prince",
            "description": "Amass 2000 gold pieces.",
            "giver": "Merchant Lysa",
            "requires": "quest_026",
            "objectives": [
                {
                    "id": "earn_gold",
                    "type": "gold",
                    "label": "Earn Gold",
                    "target": 2000
                }
            ],
            "rewards": {
                "xp": 400,
                "gold": 200
            }
        },
        "quest_031": {
            "id": "quest_031",
            "title": "Immortal",
            "description": "Survive for over 30 minutes.",
            "giver": "Captain Kael",
            "requires": "quest_027",
            "objectives": [
                {
                    "id": "survive_time",
                    "type": "survive",
                    "label": "Survive",
                    "target": 1800
                }
            ],
            "rewards": {
                "xp": 500,
                "gold": 250
            }
        },
        "quest_032": {
            "id": "quest_032",
            "title": "Vault Keeper",
            "description": "Gather 80 items.",
            "giver": "Merchant Lysa",
            "requires": "quest_028",
            "objectives": [
                {
                    "id": "collect_items",
                    "type": "collect",
                    "itemId": "any",
                    "label": "Collect Items",
                    "target": 80
                }
            ],
            "rewards": {
                "xp": 450,
                "gold": 225
            }
        },
        "quest_033": {
            "id": "quest_033",
            "title": "Executioner",
            "description": "Slay 135 monsters.",
            "giver": "Captain Thorne",
            "requires": "quest_029",
            "objectives": [
                {
                    "id": "kill_any",
                    "type": "kill",
                    "monsterId": "any",
                    "label": "Defeat Monsters",
                    "target": 135
                }
            ],
            "rewards": {
                "xp": 600,
                "gold": 300
            }
        },
        "quest_034": {
            "id": "quest_034",
            "title": "Golden Dragon",
            "description": "Accumulate 2500 gold.",
            "giver": "Merchant Lysa",
            "requires": "quest_030",
            "objectives": [
                {
                    "id": "earn_gold",
                    "type": "gold",
                    "label": "Earn Gold",
                    "target": 2500
                }
            ],
            "rewards": {
                "xp": 500,
                "gold": 250
            }
        },
        "quest_035": {
            "id": "quest_035",
            "title": "Eternal",
            "description": "Survive for 45 minutes.",
            "giver": "Captain Kael",
            "requires": "quest_031",
            "objectives": [
                {
                    "id": "survive_time",
                    "type": "survive",
                    "label": "Survive",
                    "target": 2700
                }
            ],
            "rewards": {
                "xp": 600,
                "gold": 300
            }
        },
        "quest_036": {
            "id": "quest_036",
            "title": "Legendary Collector",
            "description": "Amass 120 items.",
            "giver": "Merchant Lysa",
            "requires": "quest_032",
            "objectives": [
                {
                    "id": "collect_items",
                    "type": "collect",
                    "itemId": "any",
                    "label": "Collect Items",
                    "target": 120
                }
            ],
            "rewards": {
                "xp": 550,
                "gold": 275
            }
        },
        "quest_037": {
            "id": "quest_037",
            "title": "Legendary Hunter",
            "description": "Vanquish 200 monsters.",
            "giver": "Captain Thorne",
            "requires": "quest_033",
            "objectives": [
                {
                    "id": "kill_any",
                    "type": "kill",
                    "monsterId": "any",
                    "label": "Defeat Monsters",
                    "target": 200
                }
            ],
            "rewards": {
                "xp": 750,
                "gold": 375
            }
        },
        "quest_038": {
            "id": "quest_038",
            "title": "Midas Touch",
            "description": "Amass 3500 gold pieces.",
            "giver": "Merchant Lysa",
            "requires": "quest_034",
            "objectives": [
                {
                    "id": "earn_gold",
                    "type": "gold",
                    "label": "Earn Gold",
                    "target": 3500
                }
            ],
            "rewards": {
                "xp": 650,
                "gold": 325
            }
        },
        "quest_039": {
            "id": "quest_039",
            "title": "Undying Legend",
            "description": "Survive for 60 minutes.",
            "giver": "Captain Kael",
            "requires": "quest_035",
            "objectives": [
                {
                    "id": "survive_time",
                    "type": "survive",
                    "label": "Survive",
                    "target": 3600
                }
            ],
            "rewards": {
                "xp": 750,
                "gold": 375
            }
        },
        "quest_040": {
            "id": "quest_040",
            "title": "Hoarder Supreme",
            "description": "Gather 180 items.",
            "giver": "Merchant Lysa",
            "requires": "quest_036",
            "objectives": [
                {
                    "id": "collect_items",
                    "type": "collect",
                    "itemId": "any",
                    "label": "Collect Items",
                    "target": 180
                }
            ],
            "rewards": {
                "xp": 700,
                "gold": 350
            }
        },
        "quest_041": {
            "id": "quest_041",
            "title": "Heroic Growth",
            "description": "Reach level 10 to prove your capability.",
            "giver": "Mage Elara",
            "requires": "quest_015",
            "objectives": [
                {
                    "id": "reach_level",
                    "type": "level",
                    "label": "Reach Level 10",
                    "target": 10
                }
            ],
            "rewards": {
                "xp": 1500,
                "gold": 750
            }
        },
        "quest_042": {
            "id": "quest_042",
            "title": "Paragon",
            "description": "Achieve level 15 and become a paragon of strength.",
            "giver": "Mage Elara",
            "requires": "quest_041",
            "objectives": [
                {
                    "id": "reach_level",
                    "type": "level",
                    "label": "Reach Level 15",
                    "target": 15
                }
            ],
            "rewards": {
                "xp": 4000,
                "gold": 2000
            }
        },
        "quest_043": {
            "id": "quest_043",
            "title": "Legendary Status",
            "description": "Reach level 20 to become a legend.",
            "giver": "Mage Elara",
            "requires": "quest_042",
            "objectives": [
                {
                    "id": "reach_level",
                    "type": "level",
                    "label": "Reach Level 20",
                    "target": 20
                }
            ],
            "rewards": {
                "xp": 10000,
                "gold": 5000
            }
        },
        "quest_044": {
            "id": "quest_044",
            "title": "Godlike",
            "description": "Reach level 25. Few mortals ever achieve this power.",
            "giver": "Mage Elara",
            "requires": "quest_043",
            "objectives": [
                {
                    "id": "reach_level",
                    "type": "level",
                    "label": "Reach Level 25",
                    "target": 25
                }
            ],
            "rewards": {
                "xp": 25000,
                "gold": 12500
            }
        }
    }
}